18,23,9890,1495,3343,192,506,712,947,533,1744,774,318,610,167,949,3894
20,21,9914,1388,3272,281,776,808,1085,471,1716,851,388,630,158,978,3865
28,13,9965,1433,3274,155,478,785,1050,516,1817,1057,350,554,240,889,3806
10,31,9890,1340,3164,158,467,727,995,454,1617,990,324,588,201,956,3565
20,21,9965,1438,3248,109,324,830,1046,515,1801,921,311,658,258,949,3815
28,13,9890,1570,3424,263,686,814,1043,469,1791,902,294,532,271,984,4217
29,12,9890,1527,3442,273,745,718,974,511,1847,1102,269,545,346,922,4045
18,23,9940,1439,3379,203,553,815,1138,550,1888,781,313,651,247,972,3896
11,30,9940,1511,3622,158,511,719,1043,710,1934,942,379,633,204,891,3899
24,17,9940,1482,3278,226,678,779,1016,490,1788,799,291,585,182,808,3969
26,15,9963,1431,3218,215,569,786,1021,474,1782,956,296,547,281,940,3863
22,19,10040,1469,3244,185,525,713,1023,493,1765,801,247,614,273,852,3836
31,10,9915,1603,3436,230,659,774,1127,580,1900,947,262,550,247,943,4210
29,12,9915,1381,3136,225,667,724,936,400,1600,800,335,511,160,854,3711
31,10,9890,1576,3352,271,729,713,914,479,1734,1009,346,539,193,903,4136
30,11,9915,1583,3400,144,449,701,914,452,1780,1106,326,527,248,917,4011
18,23,9890,1423,3297,189,520,841,1093,477,1648,863,333,556,232,1004,3876
30,11,9965,1433,3112,202,553,676,837,404,1689,780,272,562,176,879,3744
26,15,9940,1518,3423,260,697,789,1105,528,1780,892,353,626,252,1011,4085
29,12,9938,1478,3262,133,401,892,1178,565,1837,885,359,600,191,819,3981
31,10,9840,1507,3400,161,514,736,974,511,1765,1019,401,603,216,927,3911
28,13,9840,1544,3217,183,521,723,937,468,1692,1028,360,592,191,861,3994
33,8,10015,1604,3518,237,689,833,1080,509,1888,960,412,593,225,812,4278
33,8,9915,1461,3146,223,552,874,1193,441,1833,920,296,540,346,778,4019
26,15,9865,1531,3276,235,567,731,980,454,1669,956,349,589,224,873,4028
27,14,10015,1532,3506,230,631,743,990,568,1869,1035,306,521,347,842,4037
28,13,9915,1498,3129,178,450,892,1208,478,1724,1066,335,633,273,1068,4066
15,26,9915,1461,3259,153,475,715,938,431,1697,982,266,586,202,850,3790
12,29,9840,1435,3230,140,438,908,1170,514,1746,829,319,652,225,938,3918
26,15,9940,1458,3189,206,575,853,1070,455,1749,891,309,640,224,905,3975
25,16,9990,1387,3282,381,1088,674,937,443,1725,861,381,575,155,829,3829
27,14,9890,1524,3324,183,484,748,1027,491,1816,956,301,637,238,993,3979
14,27,9966,1487,3481,160,463,756,1000,602,1901,912,303,670,310,918,3890
33,8,9890,1585,3483,289,775,792,964,487,1808,936,357,447,224,872,4251
13,28,9865,1318,3297,116,415,705,1009,574,1804,923,343,677,261,1035,3457
30,11,9915,1363,3063,279,759,795,1051,413,1639,828,283,540,272,853,3800
24,17,9840,1563,3476,222,623,967,1243,709,1997,911,275,615,292,876,4315
28,13,9915,1450,3247,228,652,772,981,502,1791,808,305,565,264,797,3900
32,9,9890,1496,3315,192,529,852,1106,512,1910,1057,354,556,263,880,4036
16,25,9865,1401,3208,204,599,816,1092,475,1722,824,267,588,258,882,3822
31,10,9965,1603,3464,256,673,766,1061,559,1867,1057,331,595,250,950,4228
20,21,10015,1567,3357,278,689,753,1021,471,1747,1020,338,615,271,862,4165
16,25,9915,1405,3286,180,572,631,819,453,1674,749,308,517,168,907,3621
25,16,9965,1563,3299,317,773,744,965,434,1608,964,313,509,180,907,4187
33,8,9915,1660,3473,175,425,630,851,475,1815,1125,253,529,226,836,4125
33,8,9865,1503,3292,175,500,825,1090,472,1787,991,378,625,205,869,4006
29,12,9965,1515,3346,213,562,748,964,546,1827,1023,358,584,214,873,3991
24,17,9940,1501,3365,308,774,664,822,443,1639,886,290,569,108,932,3974
26,15,9891,1522,3409,273,796,866,1111,484,1695,834,352,534,153,960,4183
25,16,9965,1488,3321,125,388,934,1198,532,1781,970,436,580,145,914,4035
30,11,9915,1514,3365,210,573,751,969,514,1759,908,330,562,221,869,3989
27,14,9865,1540,3234,189,567,713,971,494,1673,996,355,585,154,798,3982
35,6,9915,1647,3473,280,663,680,917,456,1863,1006,368,597,260,801,4254
33,8,9915,1470,3170,227,678,797,1113,486,1783,817,329,603,293,815,3964
25,16,9940,1442,3280,231,629,654,870,455,1672,902,359,509,156,844,3769
15,26,9915,1455,3345,212,594,666,918,507,1692,817,315,528,184,899,3788
29,12,9915,1477,3120,123,341,872,1184,545,1789,1063,363,620,290,908,3949
23,18,9966,1454,3172,125,427,863,1091,447,1674,830,320,534,207,802,3896
18,23,9965,1438,3265,212,615,855,1088,520,1819,832,312,609,190,930,3943
19,22,9840,1436,3236,288,817,776,1022,452,1717,848,362,645,208,918,3936
14,27,9915,1376,3402,214,620,679,940,563,1872,933,337,612,191,979,3645
23,18,9940,1493,3445,131,400,800,1037,587,1893,963,283,535,289,846,3917
36,5,9890,1733,3608,275,748,748,934,594,1912,1015,316,461,219,790,4489
29,12,9890,1542,3423,173,501,864,1139,543,1801,1044,397,598,295,875,4121
31,10,9840,1408,3180,187,506,749,1032,529,1800,925,316,596,335,814,3752
27,14,9965,1482,3295,205,622,800,1101,569,1897,865,278,581,195,871,3969
27,14,9990,1414,3137,252,696,646,859,446,1789,840,290,652,214,848,3726
34,7,9865,1362,3187,222,632,797,1028,510,1763,958,388,525,222,817,3743
18,23,9915,1435,3318,161,492,911,1171,574,1770,863,306,612,181,897,3942
34,7,9890,1522,3312,162,510,860,1232,513,1812,1010,347,564,192,858,4066
31,10,9865,1491,3326,219,632,827,1144,564,1810,999,419,584,296,926,4028
29,12,9915,1401,3210,243,680,772,1006,460,1723,766,312,523,172,855,3817
27,14,9915,1516,3309,225,596,889,1163,496,1753,1007,256,513,197,824,4146
31,10,9865,1535,3267,158,439,691,892,435,1800,1050,271,474,239,848,3919
28,13,9840,1436,3173,190,544,731,958,452,1719,1052,364,620,183,858,3793
25,16,9940,1402,3268,262,780,774,1044,512,1745,942,376,548,185,831,3840
23,18,9940,1471,3297,205,564,686,873,511,1835,826,286,623,205,959,3833
11,30,9940,1463,3400,210,607,742,1000,522,1679,755,275,528,162,860,3878
21,20,9915,1376,3154,160,499,714,966,490,1733,839,331,593,169,850,3626
18,23,9865,1486,3294,231,606,723,970,431,1673,760,363,593,193,918,3926
25,16,10015,1484,3260,183,537,664,907,519,1710,971,328,540,204,770,3815
34,7,9890,1581,3342,320,775,852,1063,457,1726,1079,341,573,162,797,4334
33,8,9915,1462,3202,217,586,724,1060,509,1852,859,350,563,276,829,3865
21,20,9889,1488,3327,367,974,666,881,472,1616,902,324,547,227,850,4009
18,23,9965,1378,3225,226,667,600,804,437,1641,810,318,531,205,855,3582
28,13,9890,1356,3067,127,385,849,1121,546,1713,823,301,628,302,995,3688
17,24,9915,1414,3314,225,631,787,1078,566,1792,798,370,666,209,838,3840
9,32,9940,1486,3332,163,495,714,1008,571,1768,825,304,618,168,989,3849
27,14,9890,1524,3252,228,619,852,1123,472,1725,931,334,627,204,952,4128
14,27,9891,1497,3412,155,418,800,1117,551,1735,936,342,533,228,946,3949
27,14,9965,1438,3312,257,731,778,1062,524,1858,951,283,650,203,1015,3911
29,12,9965,1529,3308,161,452,855,1122,559,1815,1015,333,561,274,903,4074
29,12,9890,1551,3392,233,651,947,1192,544,1824,805,362,545,286,905,4282
31,10,9865,1562,3339,182,507,894,1174,479,1758,1085,381,574,285,928,4200
32,9,9965,1403,3231,184,557,824,1083,557,1856,916,281,523,283,798,3814
20,21,10040,1559,3576,313,910,754,1051,585,1806,963,344,546,227,939,4185
26,15,9915,1387,3182,271,760,765,1018,435,1756,895,305,555,188,877,3810
25,16,9940,1352,3104,278,808,869,1092,469,1692,781,325,552,202,914,3851
27,14,10190,1517,3218,122,353,906,1175,494,1790,1029,302,619,230,927,4062
22,19,9890,1456,3263,317,892,887,1133,514,1805,883,260,570,183,862,4116
26,15,9865,1416,3155,259,760,747,1019,473,1634,839,342,553,272,905,3838
35,6,9940,1554,3199,221,619,853,1246,462,1776,838,262,510,254,860,4182
23,18,9840,1484,3245,160,450,951,1200,498,1710,903,285,533,142,864,4079
24,17,9865,1538,3328,199,570,736,920,442,1738,1023,235,490,235,888,4011
24,17,9915,1397,3230,207,596,764,976,442,1645,936,318,555,169,983,3765
11,30,9940,1408,3291,215,690,672,882,510,1649,934,262,575,162,934,3703
22,19,9915,1500,3253,220,588,830,1049,471,1657,836,330,558,122,949,4050
24,17,9865,1581,3374,174,482,889,1171,537,1840,839,327,661,241,962,4225
25,16,9965,1499,3368,258,747,891,1120,444,1744,883,392,627,147,942,4147
31,10,9890,1693,3538,394,1016,785,1038,484,1838,970,278,533,245,785,4565
18,23,9840,1461,3164,188,513,785,1070,489,1675,893,286,605,259,836,3895
30,11,9867,1660,3500,280,719,781,998,530,1783,1047,337,510,166,794,4381
38,3,9840,1479,3130,271,687,745,1035,460,1752,919,304,568,308,840,3974
26,15,9915,1474,3272,338,925,883,1112,513,1687,777,272,497,186,993,4169
22,19,9939,1487,3305,364,875,825,1067,408,1641,874,298,498,147,913,4163
18,23,9890,1419,3121,140,411,890,1172,527,1654,906,267,611,191,1088,3868
29,12,9865,1508,3409,263,770,952,1303,587,1810,803,382,556,183,911,4231
18,23,9943,1513,3274,223,594,819,1085,539,1670,836,267,564,196,997,4068
21,20,9929,1441,3125,223,636,842,1120,419,1685,879,302,640,235,958,3947
17,24,10015,1494,3455,225,661,825,1144,531,1675,854,435,572,190,975,4038
21,20,10012,1514,3361,283,752,709,970,432,1775,934,273,594,190,971,4020
31,10,9890,1482,3202,270,761,842,1145,495,1799,842,292,564,228,856,4076
34,7,9888,1492,3166,210,509,954,1229,541,1775,745,305,520,251,858,4148
26,15,10001,1589,3409,167,516,910,1250,510,1802,1046,334,567,284,939,4255
37,4,9940,1526,3321,267,720,763,1037,523,1749,1028,295,444,281,761,4082
21,20,9892,1491,3357,298,892,820,1153,492,1776,922,312,564,215,939,4100
15,26,9875,1357,3171,214,705,737,973,463,1748,793,287,559,171,895,3665
27,14,9872,1417,3126,279,762,830,1121,487,1806,860,305,600,218,866,3943
27,14,9891,1495,3194,132,392,861,1100,408,1747,934,254,549,273,903,3983
27,14,9915,1533,3315,279,800,843,1132,498,1745,919,311,524,176,928,4188
30,11,9896,1383,3043,289,785,769,1085,445,1684,808,296,544,264,868,3824
31,10,9901,1559,3138,215,661,865,1244,422,1751,820,272,567,229,924,4198
25,16,9961,1521,3288,256,670,785,1070,474,1696,968,307,583,134,944,4083
24,17,9945,1476,3206,139,430,785,1038,403,1684,943,280,544,242,944,3876
29,12,9891,1419,3185,241,742,841,1095,420,1705,1029,267,520,151,916,3920
24,17,9872,1460,3230,159,477,822,1083,484,1698,779,305,494,166,874,3901
15,26,10044,1461,3194,146,461,959,1313,541,1742,731,277,661,116,1064,4027
26,15,9955,1480,3093,133,397,871,1172,457,1712,753,276,589,180,931,3964
23,18,10045,1537,3313,187,520,910,1191,473,1713,855,336,566,195,866,4171
31,10,9944,1725,3533,433,1037,608,746,371,1717,1059,262,546,252,810,4491
15,26,9896,1436,3152,196,537,696,1001,465,1571,785,255,531,187,905,3764
27,14,9862,1503,3233,259,719,880,1121,420,1657,932,306,584,158,812,4145
34,7,9870,1525,3198,252,664,652,953,465,1768,878,269,535,262,797,3954
22,19,9922,1563,3354,312,825,871,1080,500,1641,896,316,541,156,966,4309
15,26,10024,1545,3397,302,820,828,1029,482,1624,812,268,508,157,956,4220
22,19,9916,1363,3085,160,468,900,1249,527,1779,861,262,598,268,968,3786
27,14,9892,1503,3287,231,642,1009,1318,522,1714,786,329,556,166,895,4246
25,16,10012,1542,3292,185,545,904,1154,509,1764,1009,294,575,232,840,4173
35,6,9839,1507,3125,268,739,833,1084,416,1732,1004,349,595,191,909,4115
21,20,9968,1513,3300,261,703,807,1128,465,1701,875,301,540,221,903,4094
20,21,9911,1525,3480,228,643,765,994,567,1830,917,330,569,235,860,4043
27,14,9995,1488,3360,252,743,778,1060,550,1875,891,293,511,249,813,4006
34,7,9839,1563,3264,258,675,868,1059,440,1821,912,255,500,235,879,4252
33,8,9919,1655,3550,275,782,1046,1373,485,1922,1118,368,592,324,849,4631
34,7,9857,1542,3295,246,668,762,1001,527,1738,996,307,460,276,830,4092
27,14,9912,1747,3746,381,1095,793,1068,554,1818,989,372,520,207,910,4668
31,10,9836,1535,3393,314,905,628,897,528,1865,928,300,523,225,760,4012
21,20,9866,1567,3547,387,1003,830,1062,486,1823,932,290,564,230,960,4351
13,28,9911,1400,3195,148,526,845,1091,401,1656,928,259,573,211,866,3793
30,11,9889,1627,3429,338,874,926,1198,486,1861,1054,344,578,247,847,4518
14,27,9912,1573,3335,342,918,752,1051,418,1707,785,237,627,197,794,4240
9,32,9948,1430,3176,241,708,701,935,364,1548,804,321,580,194,824,3802
19,22,9915,1530,3338,243,656,802,1089,511,1714,963,289,564,182,859,4105
15,26,9890,1548,3388,215,620,651,880,481,1728,840,296,565,154,922,3962
21,20,9949,1426,3239,251,721,882,1163,484,1773,994,261,592,210,935,3985
30,11,9899,1595,3375,303,800,693,902,460,1720,963,337,465,163,742,4186
15,26,9918,1486,3338,244,741,758,1087,542,1773,722,252,574,91,853,3974
25,16,9851,1538,3209,405,1012,805,1126,391,1721,850,237,568,169,817,4286
22,19,9873,1534,3303,147,497,759,1087,523,1739,879,375,559,200,813,3974
30,11,9920,1715,3429,338,861,838,1072,378,1744,1042,245,526,310,820,4606
28,13,9918,1499,3259,283,722,729,947,438,1675,958,251,486,181,794,4010
26,15,9916,1521,3285,252,686,986,1224,429,1683,731,343,607,188,891,4280
34,7,9854,1510,3226,306,804,689,903,390,1726,920,270,495,184,748,4015
13,28,9918,1575,3503,160,472,742,948,483,1817,876,261,587,217,845,4052
25,16,9941,1602,3372,301,757,683,831,405,1676,994,285,420,186,789,4188
37,4,9832,1680,3274,242,584,866,1135,446,1683,1127,379,540,190,955,4468
25,16,9920,1529,3338,293,805,768,981,510,1708,846,333,509,201,779,4119
31,10,9840,1511,3217,293,812,730,987,433,1679,919,294,505,171,772,4045
35,6,9956,1604,3227,283,685,796,1035,431,1712,1015,307,574,199,917,4287
23,18,9939,1411,3106,231,660,790,1050,440,1685,869,286,622,246,879,3843
28,13,9939,1574,3419,238,619,892,1114,493,1743,887,323,540,253,801,4278
39,2,9885,1545,3234,327,824,779,1000,442,1754,895,322,482,231,797,4196
32,9,9934,1611,3362,297,795,835,1013,461,1780,987,312,511,233,796,4354
33,8,9868,1554,3275,289,773,1023,1363,455,1743,1024,359,604,299,917,4420
21,20,9919,1504,3253,169,505,701,941,468,1685,878,244,469,209,851,3878
21,20,10013,1674,3525,280,732,1039,1286,473,1728,918,307,551,289,938,4667
33,8,9935,1503,3295,307,823,777,959,449,1834,867,288,530,191,739,4090
25,16,9988,1621,3564,334,862,800,1009,480,1878,861,271,556,258,931,4376
11,30,9880,1462,3308,262,759,663,919,446,1629,888,287,570,276,819,3849
36,5,9907,1668,3515,287,786,803,1055,520,1876,1032,368,561,247,856,4426
16,25,9865,1454,3170,207,562,790,1046,436,1629,714,300,560,213,882,3905
28,13,10045,1541,3306,314,826,737,979,417,1680,791,346,519,230,808,4133
22,19,9908,1548,3404,265,719,851,1088,502,1701,992,317,534,152,980,4212
11,30,9937,1510,3421,250,752,758,1020,489,1694,836,278,551,156,915,4028
19,22,9879,1450,3265,325,879,793,1017,450,1677,847,278,516,195,909,4018
28,13,9849,1447,3128,273,762,781,965,413,1661,859,303,493,172,821,3948
20,21,9919,1584,3528,404,1103,813,1031,475,1767,834,295,570,90,857,4385
15,26,9865,1487,3283,164,466,762,1002,483,1769,818,297,650,197,793,3900
32,9,9861,1468,3205,393,1057,822,1161,441,1814,795,299,565,226,807,4151
24,17,9827,1500,3263,173,521,832,1102,526,1712,866,318,536,208,815,4005
28,13,9815,1744,3357,276,682,856,1155,464,1764,934,284,601,222,811,4620
34,7,9913,1568,3299,293,782,825,1063,579,1762,907,305,486,222,804,4254
11,30,9976,1509,3383,295,819,875,1114,451,1667,793,280,589,181,944,4188
28,13,9919,1548,3215,324,809,593,808,347,1649,893,229,449,165,738,4013
18,23,9952,1569,3333,236,608,794,934,384,1651,945,264,504,214,783,4168
33,8,9869,1595,3282,204,544,911,1175,462,1721,1049,355,550,192,853,4305
13,28,9833,1507,3338,203,605,776,998,501,1672,878,324,546,194,859,3993
34,7,9983,1630,3457,269,743,757,986,532,1780,1019,325,475,185,824,4286
24,17,9889,1559,3188,244,729,752,1009,371,1556,1038,363,556,176,900,4114
31,10,9942,1474,3198,237,655,846,1110,426,1711,873,329,599,283,797,4031
24,17,9961,1558,3447,174,517,728,967,488,1887,904,257,551,254,814,4018
35,6,9869,1586,3194,297,784,765,1066,388,1727,1003,268,494,229,740,4234
28,13,9933,1559,3384,264,724,793,969,450,1723,941,313,502,223,794,4175
34,7,9895,1608,3372,281,788,1012,1325,447,1714,983,346,543,236,906,4509
17,24,9911,1437,3280,174,594,783,1048,521,1684,834,295,525,169,893,3831
18,23,9862,1696,3585,332,847,868,1100,412,1653,1000,416,590,153,918,4592
23,18,9992,1574,3451,309,883,781,1041,468,1707,915,266,526,172,847,4238
23,18,9857,1553,3457,328,941,783,1012,430,1782,867,292,548,254,919,4217
21,20,9854,1486,3215,239,718,744,1004,461,1721,967,280,665,240,769,3955
34,7,9842,1595,3477,278,792,792,1011,495,1847,960,307,523,217,774,4260
23,18,9986,1592,3444,185,578,804,1086,547,1824,747,319,606,223,825,4173
24,17,9966,1501,3292,251,731,714,956,424,1703,755,309,486,243,811,3967
28,13,9996,1546,3520,333,897,671,880,528,1770,876,283,513,201,906,4096
10,31,9865,1556,3413,192,579,696,957,473,1786,848,300,634,175,800,4000
8,33,9888,1388,3278,171,582,824,1062,443,1680,796,280,530,185,810,3771
24,17,9911,1585,3412,292,782,674,866,455,1715,972,320,537,153,801,4136
18,23,9945,1587,3446,354,1052,716,905,429,1698,870,289,534,151,829,4244
27,14,9880,1549,3253,203,608,867,1094,460,1752,820,319,579,236,835,4168
34,7,9833,1549,3205,401,1071,823,1111,406,1782,810,255,555,231,796,4322
12,29,9915,1539,3327,214,669,667,893,470,1650,892,334,556,209,831,3959
32,9,9865,1701,3417,365,885,850,1080,485,1791,940,227,569,201,814,4617
26,15,9862,1481,3219,263,725,807,1048,477,1691,872,250,464,180,840,4032
18,23,9989,1625,3511,248,703,746,1028,498,1778,823,286,564,208,900,4244
29,12,9847,1637,3329,298,764,752,1014,436,1745,998,272,523,203,812,4324
25,16,9896,1608,3345,227,661,843,1100,430,1720,905,247,506,218,878,4286
32,9,9902,1665,3258,233,608,849,1160,403,1688,1101,361,572,197,930,4412
15,26,9917,1536,3364,224,616,721,935,505,1721,834,249,567,215,845,4017
24,17,9847,1507,3242,243,720,639,829,397,1583,966,250,515,171,769,3896
33,8,9906,1559,3098,216,584,746,982,327,1558,1005,329,573,180,834,4080
21,20,9904,1477,3214,215,596,764,1028,423,1648,932,248,532,267,798,3933
36,5,9879,1532,3300,273,703,767,1015,480,1812,952,313,539,276,806,4104
12,29,9913,1442,3325,276,787,764,1037,427,1705,905,267,568,190,807,3924
29,12,9842,1554,3222,319,871,734,936,424,1738,988,300,582,186,793,4161
33,8,9842,1635,3349,342,877,971,1286,400,1790,984,288,520,209,858,4583
21,20,10011,1585,3329,239,604,725,952,465,1589,928,293,488,179,822,4134
26,15,9922,1664,3522,359,888,656,849,465,1637,1019,376,540,215,854,4343
25,16,9972,1590,3528,315,908,839,1047,492,1818,968,288,497,201,827,4334
24,17,9921,1552,3433,294,824,831,1050,465,1861,815,289,579,244,860,4229
23,18,9925,1525,3286,253,768,815,1151,489,1765,991,288,627,243,867,4118
30,11,9944,1599,3428,264,756,787,1002,514,1806,945,319,527,239,793,4249
30,11,9875,1659,3371,150,449,750,982,460,1654,850,404,510,242,807,4218
30,11,9893,1509,3148,261,735,949,1222,405,1726,780,275,515,232,813,4228
22,19,9922,1401,3227,242,718,741,971,436,1724,774,294,523,216,828,3785
12,29,9923,1546,3520,321,814,765,992,535,1844,855,307,644,231,904,4178
19,22,10087,1474,3325,256,680,721,960,449,1717,871,237,554,203,881,3925
28,13,9891,1503,3201,223,633,700,940,414,1648,898,316,484,196,827,3929
23,18,9874,1605,3403,362,1018,860,1067,418,1643,875,313,539,221,844,4432
30,11,9993,1545,3269,252,702,1048,1281,439,1744,886,351,560,254,902,4390
29,12,9862,1483,3183,365,1028,736,1092,452,1825,837,282,626,201,797,4067
26,15,9937,1574,3370,244,650,729,935,414,1696,965,308,472,194,768,4121
23,18,10020,1601,3411,358,911,764,1023,438,1690,965,274,563,195,819,4324
30,11,9952,1500,3312,257,766,781,954,503,1630,877,347,495,166,760,4038
11,30,9931,1545,3483,225,683,732,989,545,1811,806,304,633,208,909,4047
36,5,9897,1598,3274,372,888,776,1010,390,1719,988,319,531,211,726,4344
16,25,9868,1601,3323,166,541,742,991,462,1622,940,286,565,187,884,4110
21,20,9989,1562,3316,211,624,806,1033,437,1630,946,320,516,260,910,4141
20,21,9945,1540,3453,197,573,753,1006,520,1757,838,344,584,273,880,4030
23,10,8121,1225,2690,242,650,578,760,338,1398,769,253,427,158,588,3270
24,9,8025,1185,2576,177,495,494,638,255,1335,784,255,453,169,626,3041
4,29,7951,1078,2651,119,419,600,805,355,1282,683,188,419,204,643,2875
26,7,7982,1223,2753,200,567,520,728,497,1579,780,220,408,225,565,3166
11,22,7974,1135,2685,228,639,561,790,428,1388,700,218,458,145,629,3059
23,10,8027,1208,2729,240,727,557,724,366,1478,684,287,431,165,603,3213
20,13,7990,1265,2641,216,658,656,893,342,1437,833,261,521,185,645,3402
18,15,8035,1168,2602,163,464,568,762,379,1360,637,237,510,129,640,3067
12,21,7957,1261,2722,256,682,486,621,327,1312,771,271,457,160,697,3264
22,11,8078,1262,2799,239,672,537,676,418,1449,694,245,446,191,653,3300
23,10,8001,1207,2721,184,527,691,880,424,1482,611,263,430,199,724,3289
24,9,7995,1240,2655,250,702,541,815,381,1344,762,292,416,174,694,3271
26,7,7993,1229,2626,187,542,614,814,395,1547,803,215,511,188,551,3259
26,7,8029,1240,2700,141,417,637,834,417,1436,635,308,458,200,642,3258
28,5,7949,1238,2596,184,511,653,824,352,1392,656,294,465,174,609,3313
17,16,7930,1282,2844,228,625,523,672,417,1388,814,277,438,196,587,3315
13,20,7940,1155,2716,231,708,622,820,416,1457,628,216,500,136,584,3163
9,24,7947,1150,2682,235,728,574,726,422,1334,653,234,464,135,610,3109
11,22,7975,1152,2562,126,405,516,680,373,1376,711,236,466,177,643,2946
22,11,8000,1196,2648,269,801,632,860,378,1418,658,325,513,134,697,3293
26,7,8001,1274,2591,257,669,693,858,327,1412,671,260,522,285,655,3498
21,12,8022,1177,2614,331,869,503,750,371,1432,672,232,470,127,568,3188
19,14,7975,1228,2758,179,493,430,591,361,1476,753,250,329,165,551,3065
19,14,7923,1274,2712,232,632,539,708,357,1385,750,197,417,183,587,3319
20,13,7949,1243,2724,264,714,602,747,367,1365,714,269,443,173,622,3352
16,17,7947,1271,2835,220,663,586,810,473,1424,650,272,461,161,613,3348
28,5,7944,1313,2678,294,712,568,751,321,1451,786,249,458,155,588,3488
13,20,7926,1166,2606,179,531,545,707,359,1406,733,228,445,160,745,3056
25,8,8151,1272,2743,144,426,675,899,424,1515,711,269,460,212,681,3363
11,22,7947,1245,2757,162,536,491,704,391,1397,657,277,475,198,707,3143
25,16,9981,1560,3327,360,967,595,856,392,1698,1029,328,582,176,728,4075
27,13,9882,1513,3172,239,669,675,889,289,1561,951,360,563,198,858,3940
26,15,9956,1480,3286,317,877,724,1003,555,1774,807,293,572,185,742,4001
15,26,9893,1447,3326,238,676,823,1076,452,1687,884,289,528,273,759,3955
24,17,9919,1449,3357,226,607,685,892,524,1812,945,294,567,261,783,3809
14,27,9891,1503,3454,270,776,707,933,511,1714,919,306,542,192,810,3983
24,17,9971,1617,3458,312,823,678,868,396,1720,966,329,515,216,822,4224
38,3,9908,1701,3499,278,766,766,1089,539,1857,1052,408,573,301,830,4446
18,23,9872,1514,3293,262,722,638,918,488,1741,895,296,600,215,806,3928
28,13,9965,1571,3374,327,805,704,902,416,1882,976,274,622,182,857,4173
29,12,9883,1593,3405,429,1156,826,1084,451,1822,974,341,633,196,782,4441
30,11,9968,1472,3360,306,825,752,1016,558,1935,841,307,570,282,823,4002
32,9,9842,1638,3324,337,907,656,901,459,1705,1076,411,565,254,862,4269
29,12,9895,1551,3323,356,998,748,1124,499,1914,997,271,599,224,710,4206
32,9,9907,1493,3409,193,550,644,828,575,1812,823,351,554,230,804,3823
37,4,9962,1612,3171,358,876,780,1008,315,1584,958,370,513,226,760,4362
21,20,9894,1599,3640,292,802,662,886,585,1840,969,343,534,287,771,4152
20,21,9870,1461,3327,211,703,805,1093,477,1734,893,368,570,209,749,3938
16,25,9877,1487,3311,269,742,571,767,532,1746,923,271,538,239,799,3814
31,10,9855,1526,3333,473,1209,685,899,452,1671,811,358,464,122,799,4210
34,7,9901,1613,3259,310,754,912,1092,420,1791,924,335,567,317,829,4448
12,29,9918,1554,3433,285,788,507,675,455,1744,930,266,594,178,799,3900
23,18,9919,1569,3467,267,732,476,669,445,1693,1006,293,507,201,745,3881
17,24,9930,1517,3476,245,736,599,819,487,1724,893,359,595,227,827,3878
22,19,9887,1522,3358,315,922,707,902,443,1700,906,271,577,180,780,4066
20,21,9871,1590,3419,318,848,791,1013,468,1702,867,321,567,165,878,4289
35,6,9917,1649,3315,324,842,667,839,338,1729,1082,344,590,226,700,4289
21,20,9984,1485,3342,283,818,715,926,458,1664,896,329,518,187,890,3968
30,11,9912,1555,3304,263,685,740,971,469,1742,959,323,562,268,880,4113
22,19,9977,1515,3353,277,707,706,955,447,1788,922,310,562,190,828,4013
24,17,9931,1512,3332,373,1036,738,940,351,1669,1046,329,571,161,762,4135
16,25,9846,1508,3412,294,892,648,833,486,1770,901,261,582,167,839,3958
28,13,9897,1492,3128,368,942,771,1028,339,1555,887,356,578,153,904,4123
25,16,9949,1480,3355,245,716,751,1010,400,1761,916,225,465,242,740,3956
27,14,9985,1448,3348,242,707,735,940,486,1860,986,292,532,233,782,3873
19,22,10068,1530,3526,291,812,702,941,529,1927,963,271,562,182,819,4053
26,15,9976,1633,3404,359,936,780,975,424,1707,956,361,533,172,822,4405
22,19,9877,1600,3590,362,994,783,1080,510,1922,963,300,611,261,953,4345
17,24,9889,1594,3526,236,773,722,1075,573,1855,905,327,562,209,853,4146
27,14,9900,1637,3515,379,1001,642,819,459,1901,996,320,604,194,873,4295
33,8,9940,1562,3267,400,1114,955,1349,470,1910,883,319,647,242,808,4479
35,6,9866,1509,3277,255,744,767,972,436,1895,859,271,592,258,811,4040
34,7,9866,1642,3383,337,969,920,1257,438,1812,1059,378,562,216,875,4541
14,27,9850,1595,3475,387,1032,685,900,340,1680,1063,306,607,234,807,4262
27,14,9931,1580,3350,221,604,665,885,464,1723,886,311,536,209,809,4046
32,9,9916,1615,3149,325,881,728,963,337,1530,897,363,577,181,759,4283
10,31,9921,1461,3356,270,770,678,906,506,1715,880,253,584,188,847,3870
24,17,9921,1614,3593,282,840,919,1173,508,1861,990,355,548,150,786,4429
22,19,9944,1567,3375,248,647,766,989,483,1777,888,313,517,327,897,4148
19,22,9924,1524,3353,386,1024,664,876,453,1664,795,335,555,184,905,4098
34,7,9904,1627,3370,328,862,834,1052,457,1863,952,349,613,272,901,4416
19,22,10016,1568,3388,283,789,686,884,394,1763,892,321,599,188,819,4105
10,31,9976,1564,3542,294,918,691,986,483,1760,954,375,693,162,885,4113
26,15,9865,1629,3416,391,1015,785,1041,476,1770,766,354,611,197,896,4434
31,10,9913,1636,3569,374,1021,768,933,514,1926,976,230,564,187,736,4414
17,24,9941,1527,3359,258,769,876,1139,482,1835,782,284,614,161,949,4188
32,9,9851,1684,3383,371,884,621,798,354,1769,1103,284,572,229,695,4360
26,15,10022,1505,3373,374,993,857,1085,481,1771,894,306,558,165,909,4241
16,25,9886,1499,3294,265,769,704,926,424,1709,789,261,546,178,831,3967
22,19,10018,1584,3415,290,805,656,872,419,1698,958,346,575,193,811,4114
35,6,9847,1578,3316,418,1094,671,855,362,1684,1109,375,552,174,698,4245
21,20,9904,1603,3629,335,1007,617,809,455,1822,1016,316,515,153,879,4158
19,22,10080,1540,3434,276,829,697,942,428,1759,870,287,526,143,783,4053
19,22,9973,1467,3500,256,803,706,960,414,1827,860,223,435,267,763,3896
27,14,9948,1524,3466,313,904,817,1036,531,1903,924,253,519,277,739,4178
31,10,9873,1552,3334,416,1073,694,933,460,1793,986,283,559,177,710,4214
27,14,9911,1631,3457,354,1022,754,1002,430,1732,893,341,532,193,817,4370
19,22,9950,1558,3566,346,1020,809,1086,524,1878,916,309,573,177,949,4271
18,23,9914,1542,3503,379,1049,687,978,507,1802,950,300,492,181,776,4150
39,2,9870,1761,3551,468,1128,656,850,410,1813,1205,396,571,243,774,4646
30,11,9869,1501,3399,480,1354,764,1076,469,1794,915,416,655,224,868,4246
23,18,9946,1528,3424,309,855,671,919,446,1880,879,249,533,209,816,4036
30,11,9897,1588,3381,402,1081,768,1080,381,1787,1071,315,506,242,849,4346
12,29,9962,1530,3482,246,771,735,1021,461,1818,885,268,505,192,889,4041
31,10,9967,1564,3420,214,621,736,930,447,1813,859,322,513,193,764,4078
20,21,9864,1459,3147,281,803,771,1026,372,1623,776,322,567,178,837,3970
23,18,9876,1539,3323,278,734,655,847,466,1757,1006,384,670,211,873,4011
9,32,9898,1490,3414,193,597,806,1042,482,1690,877,334,562,173,767,3979
28,13,9921,1594,3411,291,770,689,922,486,1826,958,288,523,318,730,4168
10,31,9923,1449,3384,272,833,580,757,445,1663,816,309,573,168,866,3750
29,12,9953,1632,3588,323,935,795,1014,556,1996,869,320,583,240,915,4382
13,28,9918,1550,3411,276,798,604,813,428,1750,867,320,594,153,856,3980
12,29,9890,1419,3391,344,1076,707,1006,486,1781,936,402,682,255,900,3889
22,19,9927,1588,3461,363,1029,670,890,438,1763,817,351,619,195,869,4209
32,9,9870,1591,3531,415,1127,671,839,471,1940,935,281,540,191,712,4268
18,23,9949,1529,3333,218,664,880,1157,443,1818,833,267,636,157,850,4156
33,8,10072,1668,3414,376,961,692,908,398,1814,1062,345,561,235,734,4404
27,14,9887,1532,3328,370,1026,775,981,413,1718,887,296,528,179,812,4209
21,20,9877,1478,3286,310,920,682,961,514,1831,770,302,543,257,811,3948
29,12,10039,1612,3415,266,694,705,932,437,1875,1028,345,612,215,864,4195
27,14,9942,1625,3478,420,1180,577,734,323,1710,1113,383,590,259,786,4247
28,13,9917,1614,3706,345,1048,775,987,475,1885,1013,362,535,211,866,4348
14,27,9871,1575,3398,285,781,621,827,412,1722,929,300,602,165,735,4056
30,11,9947,1537,3453,435,1200,815,1031,360,1855,942,284,482,272,738,4324
26,15,9994,1585,3612,322,875,683,872,470,1997,982,240,525,277,743,4175
33,8,9873,1628,3472,433,1180,683,903,457,1837,1016,286,522,171,819,4372
23,18,10039,1550,3433,397,1139,780,957,398,1776,907,312,516,134,777,4277
18,23,9926,1536,3461,325,971,853,1103,442,1820,926,297,574,209,894,4250
26,15,9921,1596,3552,371,1048,744,1065,519,1948,852,283,522,156,776,4307
39,2,9933,1766,3581,535,1289,700,894,430,1930,1218,349,601,247,844,4767
23,18,9915,1552,3427,439,1260,814,1165,449,1786,936,390,622,249,875,4357
26,15,9921,1588,3482,326,933,717,948,421,1826,862,370,571,193,758,4219
29,12,9895,1582,3386,398,1082,735,1062,384,1792,967,344,528,236,857,4297
12,29,9862,1439,3486,288,976,803,1023,448,1807,776,287,508,177,815,3969
26,15,9973,1521,3434,272,760,862,1086,480,1726,860,363,506,187,885,4176
28,13,9918,1604,3320,257,751,767,1035,397,1801,841,293,520,260,771,4232
23,18,9917,1593,3400,220,622,729,975,429,1699,989,359,568,247,819,4135
14,27,9860,1523,3285,217,644,899,1146,411,1702,944,305,579,187,816,4162
21,20,9863,1619,3534,387,987,715,922,405,1738,971,331,497,190,838,4340
18,23,9959,1526,3481,297,879,703,851,432,1838,835,223,513,230,775,4052
32,9,9906,1692,3543,323,964,784,1017,531,1981,965,331,635,258,799,4491
23,18,9992,1650,3583,335,924,650,864,444,1814,1014,350,558,221,840,4285
7,34,9914,1495,3443,384,1122,647,959,405,1697,918,345,638,236,860,4021
14,27,9830,1555,3536,385,1076,730,974,498,1888,846,331,671,157,921,4225
28,13,9896,1639,3549,447,1182,705,935,487,1905,948,296,570,192,838,4430
18,23,9899,1640,3511,334,916,796,1094,441,1806,979,351,647,164,820,4410
40,1,9866,1665,3417,299,783,682,850,400,1845,1048,342,495,249,716,4311
32,9,9871,1527,3328,362,951,887,1150,418,1775,774,307,492,211,805,4303
24,17,9989,1466,3228,366,1020,743,1013,408,1810,712,323,586,216,800,4041
22,19,9885,1636,3514,361,990,714,968,368,1730,1034,372,559,162,834,4347
21,20,9915,1540,3372,132,406,787,1042,587,1906,786,241,628,227,862,3999
26,15,9840,1553,3459,224,616,811,1077,583,1847,951,430,600,163,1055,4141
30,11,9890,1492,3216,176,501,963,1252,423,1754,1120,386,607,264,820,4123
12,29,9939,1271,3125,186,547,760,1092,551,1778,920,329,718,222,953,3488
22,19,9965,1517,3402,199,483,900,1172,533,1834,1084,374,695,226,1109,4133
22,19,9840,1620,3543,247,639,696,865,464,1728,885,287,531,255,906,4183
25,16,9965,1561,3510,263,717,799,1105,585,1898,1047,284,600,409,992,4184
27,14,9890,1525,3313,213,603,997,1282,481,1746,834,330,644,137,1003,4260
12,29,9865,1524,3555,168,543,773,1124,661,1930,1011,356,602,171,996,3989
22,19,9890,1546,3372,299,831,754,1038,510,1838,958,299,654,227,839,4145
36,5,9865,1558,3300,293,723,856,1046,394,1739,945,287,516,231,855,4265
10,31,9865,1452,3361,198,616,728,968,482,1662,711,319,641,239,931,3830
36,5,9865,1579,3449,162,533,876,1256,598,2025,989,332,564,301,926,4196
33,8,9965,1560,3299,226,632,676,906,493,1833,986,304,575,282,960,4022
23,18,9915,1602,3398,190,527,764,957,491,1701,971,336,576,165,976,4158
26,15,9965,1635,3478,130,377,665,858,514,1770,1172,295,540,240,921,4065
22,19,9890,1515,3483,229,685,881,1115,578,1748,896,356,509,209,992,4140
33,8,9915,1448,3143,174,454,772,961,374,1651,832,276,564,182,991,3842
26,15,9867,1643,3540,158,450,805,1099,593,1864,888,380,652,223,965,4249
29,12,9940,1533,3414,114,341,812,1131,583,1861,948,417,632,190,955,3992
32,9,9915,1587,3372,221,606,750,977,501,1790,1118,374,672,243,976,4145
30,11,9861,1525,3179,189,557,774,1013,488,1764,989,304,619,172,907,4013
30,11,9915,1676,3663,285,861,741,987,539,1914,990,369,624,205,847,4378
31,10,9940,1499,3193,179,444,854,1135,479,1839,918,303,569,307,849,4031
24,17,9840,1567,3453,273,800,686,972,527,1764,996,356,564,168,898,4093
26,15,9840,1493,3440,213,590,773,992,560,1745,1021,338,523,366,945,3972
31,10,9890,1530,3185,181,459,835,1077,461,1681,1088,301,572,262,1005,4076
12,29,9965,1467,3258,172,472,731,945,514,1742,888,318,654,202,918,3837
17,24,9915,1530,3308,168,430,820,1082,493,1718,901,302,629,196,1070,4048
